strategy,excellent_pct,good_pct,good_or_better_pct,unacceptable_pct,avg_hits,total_samples
Pure Neural,25.616438356164384,42.6027397260274,68.21917808219179,31.780821917808222,3.8767123287671232,730
Pure Baseline,23.15068493150685,42.6027397260274,65.75342465753425,34.24657534246575,3.83013698630137,730
Hybrid (Neural Hard),23.28767123287671,41.64383561643836,64.93150684931507,35.06849315068493,3.813698630136986,730
Confidence Weighted,26.438356164383563,40.0,66.43835616438356,33.56164383561644,3.872602739726027,730
Voting (25+25),24.93150684931507,42.19178082191781,67.12328767123287,32.87671232876712,3.861643835616438,730
Adaptive Hybrid,23.28767123287671,41.917808219178085,65.20547945205479,34.794520547945204,3.7958904109589042,730
